ClipName,Frame,RootVel.x,RootVel.z,LFootVel.x,LFootVel.y,LFootVel.z,RFootVel.x,RFootVel.y,RFootVel.z,RootPos.x,RootPos.z,Forward.x,Forward.z
WalkFWD,0,0.004952592,0.4022545,-0.05190852,0.2053521,0.05881907,0.04722475,-0.00257625,0.4161784,0.004952592,0.4022545,-0.02962217,0.9946053
WalkFWD,1,0.00594342,0.4561321,-0.06033747,0.1590474,0.1490622,0.04553224,-0.008710359,0.362733,0.00594342,0.4561321,-0.0428776,0.9951811
WalkFWD,2,0.006808979,0.5012963,-0.06509234,0.1165942,0.2203537,0.04394661,-0.008543139,0.3180068,0.006808979,0.5012963,-0.05193233,0.9954078
WalkFWD,3,0.007483622,0.5465555,-0.06972064,0.07609633,0.307456,0.04236224,-0.006160884,0.2731079,0.007483622,0.5465555,-0.0595142,0.9955617
WalkFWD,4,0.007902747,0.5901999,-0.07360561,0.04710725,0.3694962,0.04123189,-0.0004703967,0.2298173,0.007902747,0.5901999,-0.0659264,0.9954965
WalkFWD,5,0.007901172,0.6388897,-0.07641342,0.02596765,0.4398169,0.0413752,0.01097472,0.1816991,0.007901172,0.6388897,-0.07318822,0.9949383
WalkFWD,6,0.007484789,0.6927785,-0.07462235,0.02022117,0.5981467,0.04242389,0.02231734,0.1282215,0.007484789,0.6927785,-0.08108564,0.9938086
WalkFWD,7,0.006923293,0.7438002,-0.06992824,0.03400066,0.6829316,0.04435691,0.03839334,0.07766344,0.006923293,0.7438002,-0.08950943,0.9926571
WalkFWD,8,0.005757297,0.7960297,-0.06057258,0.04999555,0.7336471,0.04774056,0.06166904,0.02701681,0.005757297,0.7960297,-0.1028104,0.9910414
WalkFWD,9,0.004530828,0.8472416,-0.05006478,0.04175092,0.7209889,0.05016403,0.0884041,-0.0186276,0.004530828,0.8472416,-0.1189921,0.9892707
WalkFWD,10,0.002192646,0.9041975,-0.04661008,0.03502529,0.6646482,0.05295432,0.1207814,-0.03860084,0.002192646,0.9041975,-0.1234022,0.9884025
WalkFWD,11,0.0003514403,0.9590543,-0.04453419,0.02996312,0.6063371,0.05455542,0.1614242,-0.05196011,0.0003514403,0.9590543,-0.1260085,0.9877731
WalkFWD,12,-0.001303438,1.012738,-0.0428766,0.02551598,0.548442,0.05618832,0.2028937,-0.05298888,-0.001303438,1.012738,-0.1266852,0.9874235
WalkFWD,13,-0.00338131,1.064963,-0.04044545,0.02083148,0.4944932,0.05915935,0.2340325,-0.04157535,-0.00338131,1.064963,-0.1251106,0.9876683
WalkFWD,14,-0.004432283,1.115524,-0.03939749,0.009046513,0.4437117,0.06103719,0.2253652,0.01183571,-0.004432283,1.115524,-0.1090958,0.9900575
WalkFWD,15,-0.005110442,1.164965,-0.03872782,-0.0009843701,0.3940459,0.06394595,0.1951071,0.07984394,-0.005110442,1.164965,-0.08784323,0.9925895
WalkFWD,16,-0.006062475,1.212544,-0.0377885,-0.006803532,0.3462422,0.06663341,0.1552276,0.158992,-0.006062475,1.212544,-0.06705818,0.9946258
WalkFWD,17,-0.007423968,1.258584,-0.03642641,-0.00809478,0.3000012,0.07055482,0.1156866,0.2360286,-0.007423968,1.258584,-0.04759846,0.9958002
WalkFWD,18,-0.008869515,1.303508,-0.03494001,-0.008037625,0.2548778,0.07511743,0.07734042,0.3201343,-0.008869515,1.303508,-0.02939994,0.9964556
WalkFWD,19,-0.01005815,1.347483,-0.03324248,-0.004082192,0.2110638,0.07833888,0.0426866,0.4055588,-0.01005815,1.347483,-0.01054004,0.9967991
WalkFWD,20,-0.0113081,1.395597,-0.03274059,0.006690971,0.1647041,0.079276,0.01852043,0.5105332,-0.0113081,1.395597,0.005340802,0.9967643
WalkFWD,21,-0.01214697,1.446251,-0.03281711,0.02009299,0.1155822,0.07899716,0.01848208,0.6080267,-0.01214697,1.446251,0.01476848,0.9964249
WalkFWD,22,-0.01228903,1.497522,-0.03301826,0.03785275,0.06551836,0.07711396,0.0302002,0.685547,-0.01228903,1.497522,0.02003996,0.9962254
WalkFWD,23,-0.01156924,1.552741,-0.03301592,0.05965541,0.01306379,0.07134325,0.03957506,0.7158023,-0.01156924,1.552741,0.02912079,0.9955553
WalkFWD,24,-0.008511871,1.605326,-0.03495217,0.07878276,-0.02499743,0.06243988,0.04034263,0.7200155,-0.008511871,1.605326,0.0322304,0.9954348
WalkFWD,25,-0.005740633,1.658188,-0.03886065,0.1008003,-0.06089508,0.05704406,0.03228229,0.6765842,-0.005740633,1.658188,0.03306037,0.9954244
WalkFWD,26,-0.002352094,1.710633,-0.04198834,0.1363659,-0.09217947,0.05453122,0.02718795,0.6256734,-0.002352094,1.710633,0.02990835,0.9954419
WalkFWD,27,0.0001916399,1.762994,-0.04346684,0.1777405,-0.102505,0.05250933,0.02418162,0.5719945,0.0001916399,1.762994,0.01971828,0.995154
WalkFWD,28,0.002478328,1.814833,-0.04542644,0.210867,-0.08628774,0.04970082,0.0185121,0.5214741,0.002478328,1.814833,0.004732241,0.994626
WalkFWD,29,0.003961443,1.870709,-0.0485969,0.218599,-0.0004373762,0.04821772,0.00710817,0.4655975,0.003961443,1.870709,-0.01454785,0.9945562
WalkFWD,30,0.004954409,1.920128,-0.05190852,0.2053522,0.05881914,0.04722476,-0.002576244,0.4161783,0.004954409,1.920128,-0.02962217,0.9946053
WalkFWD,31,0.005945305,1.974006,-0.06033752,0.1590475,0.149062,0.04553222,-0.008710324,0.3627331,0.005945305,1.974006,-0.04287752,0.9951811
WalkFWD,32,0.006810819,2.01917,-0.06509234,0.116594,0.2203541,0.04394663,-0.008543157,0.3180068,0.006810819,2.01917,-0.05193244,0.9954077
WalkFWD,33,0.007485454,2.064429,-0.06972065,0.07609628,0.3074558,0.04236223,-0.006160871,0.2731077,0.007485454,2.064429,-0.05951419,0.9955617
WalkFWD,34,0.007904574,2.108074,-0.07360561,0.04710721,0.3694961,0.04123187,-0.000470418,0.2298175,0.007904574,2.108074,-0.06592643,0.9954965
WalkFWD,35,0.007902992,2.156764,-0.07641339,0.02596767,0.4398167,0.04137521,0.0109747,0.181699,0.007902992,2.156764,-0.07318813,0.9949382
WalkFWD,36,0.007486615,2.210652,-0.07462232,0.02022118,0.5981466,0.04242389,0.02231742,0.1282213,0.007486615,2.210652,-0.08108564,0.9938086
WalkFWD,37,0.006925118,2.261674,-0.06992823,0.03400071,0.6829318,0.04435692,0.03839333,0.07766359,0.006925118,2.261674,-0.08950944,0.9926571
WalkFWD,38,0.005759126,2.313904,-0.06057261,0.04999561,0.7336472,0.04774057,0.06166904,0.02701688,0.005759126,2.313904,-0.1028104,0.9910414
WalkFWD,39,0.004532693,2.365115,-0.05006481,0.04175097,0.7209892,0.05016399,0.08840393,-0.01862734,0.004532693,2.365115,-0.1189922,0.9892707
WalkFWD,40,0.00219444,2.422071,-0.04661005,0.03502524,0.6646479,0.05295438,0.1207814,-0.03860061,0.00219444,2.422071,-0.1234024,0.9884025
WalkFWD,41,0.0003532927,2.476928,-0.04453424,0.02996325,0.6063372,0.05455537,0.1614242,-0.05195993,0.0003532927,2.476928,-0.1260085,0.9877731
WalkFWD,42,-0.001301586,2.530612,-0.04287663,0.02551597,0.5484418,0.05618824,0.2028936,-0.05298866,-0.001301586,2.530612,-0.1266852,0.9874235
WalkFWD,43,-0.003379486,2.582837,-0.04044546,0.02083153,0.4944933,0.05915932,0.2340323,-0.04157554,-0.003379486,2.582837,-0.1251106,0.9876683
WalkFWD,44,-0.004430464,2.633398,-0.03939748,0.009046528,0.4437116,0.06103721,0.2253652,0.01183584,-0.004430464,2.633398,-0.1090958,0.9900575
WalkFWD,45,-0.005108575,2.682839,-0.03872786,-0.0009843674,0.3940461,0.06394592,0.1951071,0.07984416,-0.005108575,2.682839,-0.08784258,0.9925896
WalkFWD,46,-0.006060635,2.730418,-0.03778853,-0.006803534,0.3462424,0.06663337,0.1552278,0.158992,-0.006060635,2.730418,-0.0670583,0.9946258
WalkFWD,47,-0.007422138,2.776458,-0.0364264,-0.008094671,0.3000014,0.07055483,0.1156865,0.2360288,-0.007422138,2.776458,-0.04759843,0.9958002
WalkFWD,48,-0.008867717,2.821382,-0.03493997,-0.008037625,0.2548778,0.07511745,0.07734045,0.3201341,-0.008867717,2.821382,-0.02939965,0.9964556
WalkFWD,49,-0.01005641,2.865356,-0.0332424,-0.004082235,0.2110641,0.07833896,0.04268656,0.4055583,-0.01005641,2.865356,-0.01054007,0.9967991
WalkFWD,50,-0.01130627,2.913471,-0.03274059,0.006691014,0.1647044,0.079276,0.01852048,0.5105333,-0.01130627,2.913471,0.005340784,0.9967643
WalkFWD,51,-0.01214517,2.964124,-0.03281709,0.020093,0.1155821,0.07899719,0.01848204,0.6080272,-0.01214517,2.964124,0.0147685,0.9964249
WalkFWD,52,-0.01228721,3.015395,-0.03301824,0.03785274,0.06551842,0.077114,0.03020027,0.6855471,-0.01228721,3.015395,0.02003991,0.9962254
WalkFWD,53,-0.01156745,3.070615,-0.03301591,0.05965542,0.01306373,0.07134326,0.03957495,0.7158022,-0.01156745,3.070615,0.02912066,0.9955553
WalkFWD,54,-0.008510047,3.1232,-0.03495217,0.07878271,-0.02499755,0.06243988,0.04034268,0.7200156,-0.008510047,3.1232,0.03223039,0.9954348
WalkFWD,55,-0.005738797,3.176062,-0.03886066,0.1008004,-0.06089514,0.05704404,0.03228228,0.6765844,-0.005738797,3.176062,0.03306037,0.9954244
WalkFWD,56,-0.002350264,3.228507,-0.04198832,0.1363659,-0.0921794,0.05453122,0.02718791,0.6256733,-0.002350264,3.228507,0.02990831,0.9954418
WalkFWD,57,0.0001934716,3.280868,-0.04346688,0.1777406,-0.102505,0.05250932,0.02418162,0.5719945,0.0001934716,3.280868,0.01971821,0.995154
WalkFWD,58,0.002480152,3.332706,-0.04542643,0.210867,-0.0862877,0.04970082,0.01851215,0.5214742,0.002480152,3.332706,0.004732273,0.994626
WalkFWD,59,0.00396323,3.388583,-0.04859688,0.2185991,-0.0004374862,0.04821771,0.007108171,0.4655975,0.00396323,3.388583,-0.0145478,0.9945562
WalkFWD,60,0.00495623,3.438002,-0.0519085,0.2053522,0.05881926,0.04722476,-0.002576244,0.4161783,0.00495623,3.438002,-0.02962217,0.9946053
WalkFWD,61,0.005947107,3.49188,-0.06033749,0.1590474,0.1490621,0.04553219,-0.008710312,0.362733,0.005947107,3.49188,-0.04287751,0.9951811
WalkFWD,62,0.00681262,3.537044,-0.06509232,0.1165942,0.2203536,0.04394663,-0.008543153,0.3180067,0.00681262,3.537044,-0.0519326,0.9954077
WalkFWD,63,0.007487285,3.582303,-0.06972064,0.07609645,0.3074559,0.04236225,-0.006160893,0.273108,0.007487285,3.582303,-0.05951407,0.9955618
WalkFWD,64,0.007906396,3.625947,-0.07360562,0.04710713,0.3694963,0.04123187,-0.0004704063,0.2298173,0.007906396,3.625947,-0.06592645,0.9954965
WalkFWD,65,0.007904815,3.674637,-0.07641341,0.02596763,0.4398172,0.04137521,0.01097476,0.1816989,0.007904815,3.674637,-0.07318816,0.9949382
WalkFWD,66,0.007488447,3.728526,-0.07462233,0.02022116,0.5981468,0.04242388,0.02231743,0.1282212,0.007488447,3.728526,-0.08108564,0.9938086
WalkFWD,67,0.006926969,3.779548,-0.06992826,0.03400068,0.6829312,0.04435689,0.03839333,0.07766359,0.006926969,3.779548,-0.08950944,0.9926571
WalkFWD,68,0.005760901,3.831777,-0.06057256,0.04999547,0.7336476,0.04774065,0.06166888,0.02701677,0.005760901,3.831777,-0.1028103,0.9910414
WalkFWD,69,0.004534456,3.882989,-0.05006475,0.0417509,0.7209893,0.05016403,0.08840399,-0.01862783,0.004534456,3.882989,-0.1189921,0.9892707
WalkFWD,70,0.002196271,3.939945,-0.04661007,0.03502515,0.6646484,0.05295436,0.1207812,-0.03860139,0.002196271,3.939945,-0.1234023,0.9884025
WalkFWD,71,0.000355122,3.994802,-0.04453425,0.02996322,0.606337,0.05455535,0.161424,-0.05196036,0.000355122,3.994802,-0.1260085,0.9877732
WalkFWD,72,-0.001299763,4.048485,-0.04287663,0.02551594,0.5484421,0.05618825,0.2028937,-0.0529889,-0.001299763,4.048485,-0.1266852,0.9874235
WalkFWD,73,-0.003377662,4.100711,-0.04044545,0.02083151,0.4944929,0.05915934,0.2340324,-0.04157474,-0.003377662,4.100711,-0.1251106,0.9876683
WalkFWD,74,-0.004428636,4.151271,-0.03939749,0.009046608,0.4437113,0.06103721,0.2253653,0.01183581,-0.004428636,4.151271,-0.1090958,0.9900575
WalkFWD,75,-0.005106755,4.200713,-0.03872785,-0.000984314,0.394046,0.0639459,0.1951071,0.07984412,-0.005106755,4.200713,-0.08784261,0.9925896
WalkFWD,76,-0.0060589,4.248291,-0.03778839,-0.006803497,0.3462423,0.06663348,0.1552277,0.1589915,-0.0060589,4.248291,-0.06705848,0.9946258
WalkFWD,77,-0.007420375,4.294332,-0.03642636,-0.008094629,0.3000015,0.07055485,0.1156867,0.236029,-0.007420375,4.294332,-0.04759814,0.9958002
WalkFWD,78,-0.008865881,4.339255,-0.03493999,-0.008037639,0.2548779,0.07511742,0.07734071,0.3201338,-0.008865881,4.339255,-0.02939972,0.9964556
WalkFWD,79,-0.01005458,4.38323,-0.0332424,-0.004082221,0.2110639,0.07833898,0.04268645,0.4055589,-0.01005458,4.38323,-0.01054001,0.9967991
WalkFWD,80,-0.01130444,4.431345,-0.03274058,0.006691047,0.164704,0.079276,0.01852046,0.5105334,-0.01130444,4.431345,0.005340828,0.9967643
WalkFWD,81,-0.01214333,4.481998,-0.03281711,0.02009298,0.1155816,0.07899717,0.01848206,0.6080269,-0.01214333,4.481998,0.0147685,0.9964249
WalkFWD,82,-0.0122854,4.533269,-0.03301822,0.03785271,0.06551813,0.07711403,0.03020027,0.6855468,-0.0122854,4.533269,0.02003968,0.9962254
WalkFWD,83,-0.01156564,4.588489,-0.03301588,0.0596554,0.01306388,0.0713433,0.03957497,0.7158028,-0.01156564,4.588489,0.02912079,0.9955553
WalkFWD,84,-0.008508237,4.641073,-0.03495217,0.07878287,-0.02499746,0.06243992,0.0403429,0.7200154,-0.008508237,4.641073,0.03223026,0.9954348
WalkFWD,85,-0.005736989,4.693935,-0.03886064,0.1008002,-0.06089541,0.05704407,0.0322821,0.6765847,-0.005736989,4.693935,0.03306046,0.9954245
WalkFWD,86,-0.00234844,4.74638,-0.04198832,0.1363657,-0.09217959,0.05453124,0.02718795,0.6256735,-0.00234844,4.74638,0.02990833,0.9954418
WalkFWD,87,0.0001953184,4.798742,-0.04346691,0.1777406,-0.1025046,0.05250929,0.02418161,0.5719946,0.0001953184,4.798742,0.01971817,0.995154
WalkFWD,88,0.002481981,4.85058,-0.04542645,0.210867,-0.08628777,0.0497008,0.01851211,0.521474,0.002481981,4.85058,0.004732212,0.994626
WalkFWD,89,0.003965046,4.906457,-0.04859686,0.218599,-0.0004373099,0.04821777,0.007108202,0.4655972,0.003965046,4.906457,-0.0145477,0.9945562
Run,0,0.05514777,-5.471736,-0.02968075,0.06996261,0.4038435,0.03356588,0.1724386,-0.007839014,0.05514777,-5.471736,-0.05362689,0.8465948
Run,1,0.05274518,-5.399577,-0.02625044,0.07774336,0.3314877,0.04238072,0.162936,0.0518667,0.05274518,-5.399577,-0.07964788,0.8351328
Run,2,0.04805614,-5.278261,-0.02405416,0.08500816,0.1846352,0.07971606,0.1512688,0.181985,0.04805614,-5.278261,-0.1137352,0.8156956
Run,3,0.04478969,-5.128921,-0.021958,0.08701921,0.03631266,0.1248363,0.1612425,0.3226148,0.04478969,-5.128921,-0.1175984,0.8170351
Run,4,0.042968,-4.973772,-0.02554355,0.1232784,-0.1062655,0.142306,0.1886327,0.4233612,0.042968,-4.973772,-0.1045114,0.8317435
Run,5,0.04253073,-4.81358,-0.03509656,0.1881787,-0.2403595,0.1125204,0.2000359,0.494799,0.04253073,-4.81358,-0.08190241,0.8514928
Run,6,0.0433435,-4.649113,-0.04755092,0.2718726,-0.3244508,0.100064,0.1582968,0.6116421,0.0433435,-4.649113,-0.06259426,0.8594386
Run,7,0.04206602,-4.481135,-0.04955475,0.3893847,-0.3442416,0.06420185,0.1225266,0.6490377,0.04206602,-4.481135,-0.05966838,0.8570746
Run,8,0.04110331,-4.310415,-0.05022145,0.4929518,-0.2903992,0.03791114,0.09365239,0.5758468,0.04110331,-4.310415,-0.04380682,0.860655
Run,9,0.04034697,-4.137718,-0.05826819,0.5427895,-0.1940004,0.01129048,0.08617713,0.4331254,0.04034697,-4.137718,-0.02431961,0.8681205
Run,10,0.03955548,-3.963811,-0.0737854,0.5255774,-0.0816984,0.008613415,0.09246197,0.2608766,0.03955548,-3.963811,-0.001445365,0.8613635
Run,11,0.03843192,-3.789461,-0.08363475,0.4457881,0.03960743,0.009729696,0.0849174,0.09427641,0.03843192,-3.789461,-0.02227573,0.8631053
Run,12,0.03642925,-3.615433,-0.08250777,0.3234844,0.1771683,0.01467793,0.1092534,-0.06517135,0.03642925,-3.615433,-0.05900986,0.869064
Run,13,0.03328986,-3.442494,-0.07673233,0.2067091,0.347493,0.02313459,0.1686203,-0.212719,0.03328986,-3.442494,-0.09079235,0.8750864
Run,14,0.03020136,-3.269568,-0.06856884,0.1338087,0.5285217,0.03512718,0.2648905,-0.3245171,0.03020136,-3.269568,-0.1146207,0.8860855
Run,15,0.02809649,-3.095249,-0.05701808,0.1016721,0.6539813,0.0491126,0.418444,-0.3855087,0.02809649,-3.095249,-0.1262143,0.8896005
Run,16,0.02637604,-2.919809,-0.04924458,0.08682387,0.6701895,0.05351667,0.5763232,-0.3539137,0.02637604,-2.919809,-0.1307139,0.8879424
Run,17,0.02429302,-2.74352,-0.04122339,0.06596673,0.5579621,0.05183325,0.669335,-0.2568774,0.02429302,-2.74352,-0.1336973,0.8838383
Run,18,0.02140421,-2.566656,-0.03685605,0.07300344,0.381863,0.05579505,0.6837615,-0.1406733,0.02140421,-2.566656,-0.129416,0.8739879
Run,19,0.01949821,-2.389489,-0.03484395,0.07703622,0.2069978,0.07033791,0.6187842,-0.0394295,0.01949821,-2.389489,-0.112016,0.8644104
Run,20,0.02014149,-2.212291,-0.03792617,0.07527707,0.03401768,0.07710951,0.4881457,0.06561133,0.02014149,-2.212291,-0.07837258,0.8711171
Run,21,0.02196174,-2.035335,-0.03914491,0.1223453,-0.1263194,0.06654986,0.3206269,0.2156322,0.02196174,-2.035335,-0.04113708,0.8831388
Run,22,0.02387071,-1.858893,-0.0402447,0.1913447,-0.2587788,0.04829918,0.1806342,0.4151973,0.02387071,-1.858893,-0.01883854,0.8926482
Run,23,0.02587475,-1.680293,-0.04578836,0.3248227,-0.3485245,0.03639315,0.1080043,0.6053987,0.02587475,-1.680293,-0.02151695,0.8988113
Run,24,0.02780811,-1.497847,-0.05097871,0.4950045,-0.352877,0.03267717,0.0832834,0.6828297,0.02780811,-1.497847,-0.02394497,0.9009244
Run,25,0.02953703,-1.313302,-0.05866354,0.6054825,-0.2753491,0.02686086,0.06272321,0.6052247,0.02953703,-1.313302,-0.01416986,0.8999628
Run,26,0.03312001,-1.128407,-0.06587876,0.6316328,-0.1653461,0.02098752,0.0595989,0.4269532,0.03312001,-1.128407,-0.002136232,0.8956065
Run,27,0.03580295,-0.9449091,-0.07691669,0.5909051,-0.05318036,0.0191063,0.06618124,0.2420526,0.03580295,-0.9449091,-0.0006866194,0.8881593
Run,28,0.03651823,-0.7645574,-0.07261849,0.486306,0.05711356,0.02031359,0.0706367,0.06555865,0.03651823,-0.7645574,-0.02095894,0.8940271
Run,29,0.03578617,-0.5845816,-0.05656739,0.3234,0.1985249,0.02082152,0.1007209,-0.1021787,0.03578617,-0.5845816,-0.05161661,0.9058469
Run,30,0.03403918,-0.4013804,-0.04032857,0.2064593,0.3821645,0.02534938,0.1767557,-0.245451,0.03403918,-0.4013804,-0.08173567,0.915514
Run,31,0.03434065,-0.2154573,-0.0329256,0.1269475,0.5782833,0.03804966,0.3257671,-0.3523094,0.03434065,-0.2154573,-0.1025809,0.9200839
Run,32,0.03423641,-0.02731389,-0.03265327,0.09673081,0.7048494,0.05227097,0.5079029,-0.3784629,0.03423641,-0.02731389,-0.1041515,0.9197572
Run,33,0.03351373,0.1630776,-0.02705894,0.07520441,0.6883632,0.05987358,0.6442309,-0.3083709,0.03351373,0.1630776,-0.1030724,0.9179934
Run,34,0.03161273,0.3504395,-0.02087119,0.05941901,0.5279744,0.05754309,0.694512,-0.1968344,0.03161273,0.3504395,-0.1081271,0.9096971
Run,35,0.02966343,0.5348279,-0.01913644,0.07146794,0.3419858,0.06464723,0.6641032,-0.08058583,0.02966343,0.5348279,-0.1086766,0.9002461
Run,36,0.029223,0.7170604,-0.01795933,0.07206728,0.1592291,0.07491621,0.5546169,0.01579721,0.029223,0.7170604,-0.08783253,0.8991584
Run,37,0.02994584,0.8979521,-0.02084077,0.08298527,-0.01880443,0.07448941,0.387004,0.1462099,0.02994584,0.8979521,-0.04786966,0.9092746
Run,38,0.03117454,1.080934,-0.02539423,0.1237135,-0.1645014,0.06218191,0.2270633,0.3443953,0.03117454,1.080934,-0.01164156,0.9222826
Run,39,0.03140974,1.268019,-0.02998553,0.2161629,-0.2772232,0.04424272,0.1208797,0.5655645,0.03140974,1.268019,0.002519418,0.9350149
Run,40,0.03148367,1.457902,-0.03138918,0.3628649,-0.3428633,0.0339162,0.09789786,0.7355508,0.03148367,1.457902,-0.002050033,0.9417443
Run,41,0.03220904,1.649272,-0.04026677,0.5118185,-0.3196031,0.0272172,0.09206051,0.7665722,0.03220904,1.649272,-0.004838183,0.9450238
Run,42,0.03321942,1.840825,-0.05104334,0.5946851,-0.2314375,0.01747337,0.05620752,0.6632844,0.03321942,1.840825,-0.002118054,0.9466027
Run,43,0.03560648,2.031252,-0.06259117,0.6002329,-0.1235552,0.0127631,0.04463537,0.4784659,0.03560648,2.031252,-0.000252502,0.9420981
Run,44,0.03828983,2.219246,-0.07746141,0.5489318,-0.01533876,0.0100255,0.04731629,0.2878443,0.03828983,2.219246,-0.000876144,0.938247
Run,45,0.03971004,2.403499,-0.08073083,0.4396144,0.1003428,0.009840284,0.05187174,0.1061844,0.03971004,2.403499,-0.005703829,0.9424299
Run,46,0.0390153,2.586872,-0.07107864,0.3010685,0.2505198,0.01348976,0.08016788,-0.0679845,0.0390153,2.586872,-0.02625369,0.9510439
Run,47,0.03899855,2.772723,-0.05880073,0.1809935,0.4371384,0.01574871,0.1556129,-0.204752,0.03899855,2.772723,-0.0551949,0.9594858
Run,48,0.03990176,2.960486,-0.05171368,0.1106768,0.6265384,0.01991244,0.2791489,-0.3016486,0.03990176,2.960486,-0.07396294,0.9623967
Run,49,0.04000212,3.149601,-0.04317638,0.09227587,0.7500517,0.03190342,0.4374784,-0.3318356,0.04000212,3.149601,-0.07850001,0.9623095
Run,50,0.03973172,3.339505,-0.03259403,0.07833911,0.7426586,0.04426984,0.5699834,-0.2782879,0.03973172,3.339505,-0.08063996,0.9603389
Run,51,0.0394787,3.529636,-0.02751827,0.04545422,0.6257804,0.04107218,0.631536,-0.1780489,0.0394787,3.529636,-0.08385071,0.9573728
Run,52,0.03958903,3.71943,-0.02330972,0.04033571,0.4407198,0.0480538,0.6165259,-0.06701059,0.03958903,3.71943,-0.08583429,0.9471686
Run,53,0.03823483,3.908325,-0.02306548,0.04817924,0.2555929,0.05348836,0.5331329,0.03562243,0.03823483,3.908325,-0.07861362,0.9391236
Run,54,0.04020702,4.095758,-0.02644362,0.04843198,0.07649631,0.06158367,0.394159,0.1647162,0.04020702,4.095758,-0.0539857,0.9416751
Run,55,0.04221875,4.281168,-0.02721366,0.0939832,-0.08680027,0.05363405,0.2464432,0.3384369,0.04221875,4.281168,-0.01862657,0.9503711
Run,56,0.04383987,4.467772,-0.02744165,0.1589308,-0.2214045,0.04317925,0.1397859,0.5458487,0.04383987,4.467772,0.003779627,0.9596866
Run,57,0.04428339,4.658114,-0.02466061,0.3036227,-0.318702,0.04349834,0.0945821,0.7305058,0.04428339,4.658114,-0.004219193,0.9662776
Run,58,0.04631921,4.85062,-0.03181658,0.4738879,-0.3412344,0.05374482,0.09307029,0.8205865,0.04631921,4.85062,-0.02514398,0.9707084
Run,59,0.04856212,5.043716,-0.0458921,0.6034742,-0.2871913,0.05025009,0.06862159,0.7823508,0.04856212,5.043716,-0.0340898,0.9733647
Start_Run,0,0.02231443,0.02954008,0.1253641,-0.01008416,0.4568581,-0.1225962,-0.0098101,0.4640546,0.02231443,0.02954008,0.05841994,-1.007491
Start_Run,1,0.02244,0.02842788,0.1254151,-0.01026357,0.4579267,-0.122952,-0.009904962,0.465206,0.02244,0.02842788,0.05825736,-1.008545
Start_Run,2,0.02259178,0.02718344,0.1254299,-0.01041989,0.4592109,-0.1233321,-0.009973592,0.4664866,0.02259178,0.02718344,0.05808925,-1.009541
Start_Run,3,0.02277171,0.02579885,0.1253967,-0.01054637,0.4607366,-0.1237346,-0.01001049,0.4679363,0.02277171,0.02579885,0.05791133,-1.010459
Start_Run,4,0.02298177,0.02424937,0.1253191,-0.0106447,0.4622959,-0.1241544,-0.01000892,0.4695659,0.02298177,0.02424937,0.05771965,-1.011277
Start_Run,5,0.02322391,0.02249523,0.1251811,-0.01070073,0.464081,-0.1245798,-0.009962082,0.4714023,0.02322391,0.02249523,0.05738803,-1.011973
Start_Run,6,0.02350011,0.02050598,0.1249705,-0.01070182,0.4662147,-0.1250009,-0.009863256,0.4734689,0.02350011,0.02050598,0.05681541,-1.012527
Start_Run,7,0.02381233,0.01825113,0.1246891,-0.01065047,0.4685136,-0.1254096,-0.009712568,0.4756689,0.02381233,0.01825113,0.05603549,-1.012917
Start_Run,8,0.02416253,0.01570023,0.124339,-0.01055389,0.4707834,-0.1258103,-0.009499675,0.4781217,0.02416253,0.01570023,0.05508194,-1.013124
Start_Run,9,0.02457957,0.01282281,0.1239098,-0.01035416,0.473842,-0.1263185,-0.009219301,0.4810085,0.02457957,0.01282281,0.05398928,-1.013124
Start_Run,10,0.02509808,0.009588411,0.1234203,-0.01007625,0.4769488,-0.1269424,-0.008887892,0.4842815,0.02509808,0.009588411,0.05279517,-1.012899
Start_Run,11,0.02572868,0.005966557,0.1227624,-0.009676921,0.480599,-0.1276164,-0.00851351,0.4878018,0.02572868,0.005966557,0.05153584,-1.012428
Start_Run,12,0.02648198,0.001902719,0.1219397,-0.009184367,0.4843856,-0.1283631,-0.008086003,0.4915529,0.02648198,0.001902719,0.05024462,-1.011689
Start_Run,13,0.0273686,-0.002694621,0.1209856,-0.008519682,0.4890721,-0.129149,-0.007545363,0.496189,0.0273686,-0.002694621,0.04895847,-1.010661
Start_Run,14,0.02839914,-0.007861016,0.1196373,-0.007733365,0.49433,-0.1302488,-0.006857761,0.501392,0.02839914,-0.007861016,0.0477003,-1.009321
Start_Run,15,0.02958424,-0.01356734,0.1182565,-0.00682272,0.4997525,-0.1313199,-0.006085682,0.5068368,0.02958424,-0.01356734,0.04655669,-1.00765
Start_Run,16,0.0309345,-0.01984509,0.1167636,-0.005748908,0.5057327,-0.1324448,-0.005178181,0.5128179,0.0309345,-0.01984509,0.04560902,-1.005627
Start_Run,17,0.03246054,-0.02678988,0.1150261,-0.004436355,0.5128542,-0.1337576,-0.00404307,0.5197892,0.03246054,-0.02678988,0.04493373,-1.003229
Start_Run,18,0.03417297,-0.03448687,0.1130471,-0.002893733,0.5208185,-0.1352759,-0.002641435,0.5277542,0.03417297,-0.03448687,0.04461089,-1.000437
Start_Run,19,0.03608242,-0.04302117,0.1109106,-0.001152482,0.5292195,-0.136923,-0.001027618,0.5361558,0.03608242,-0.04302117,0.04472556,-0.9972302
Start_Run,20,0.03819949,-0.05247794,0.1086308,0.0008075297,0.5381488,-0.1387084,0.0008388844,0.5451397,0.03819949,-0.05247794,0.04522971,-0.993588
Start_Run,21,0.04054839,-0.0629423,0.1061914,0.003070173,0.5480323,-0.1406649,0.003057349,0.5551378,0.04054839,-0.0629423,0.04592339,-0.9894903
Start_Run,22,0.04313171,-0.07449939,0.1035411,0.005724648,0.5592187,-0.1428686,0.005749296,0.5665345,0.04313171,-0.07449939,0.04665556,-0.9849173
Start_Run,23,0.04592763,-0.08723433,0.1008581,0.008886635,0.5720615,-0.1451422,0.008926229,0.5790641,0.04592763,-0.08723433,0.04727133,-0.9798498
Start_Run,24,0.04891437,-0.1013483,0.09803977,0.01271152,0.5869778,-0.147586,0.01275812,0.5931751,0.04891437,-0.1013483,0.04760393,-0.9742692
Start_Run,25,0.05207009,-0.1171215,0.0947572,0.01712325,0.603367,-0.1505528,0.01783749,0.6090788,0.05207009,-0.1171215,0.04748536,-0.9681596
Start_Run,26,0.055373,-0.1347577,0.09151272,0.02211703,0.6215497,-0.1535789,0.02590712,0.6267136,0.055373,-0.1347577,0.0467384,-0.9615065
Start_Run,27,0.05880129,-0.1544604,0.08822754,0.02774017,0.6422251,-0.1569537,0.03948877,0.647187,0.05880129,-0.1544604,0.04493792,-0.9539812
Start_Run,28,0.06233314,-0.1764334,0.08448887,0.03364649,0.6649113,-0.1581423,0.06040721,0.6679251,0.06233314,-0.1764334,0.04140837,-0.945179
Start_Run,29,0.06594676,-0.2008804,0.08066712,0.0395929,0.6891745,-0.1528563,0.08985529,0.6859205,0.06594676,-0.2008804,0.03590127,-0.9349798
Start_Run,30,0.06944996,-0.2280049,0.07721323,0.04603349,0.7158669,-0.1417857,0.1249903,0.6964734,0.06944996,-0.2280049,0.02957933,-0.9232417
Start_Run,31,0.07253955,-0.2579156,0.07421347,0.05293411,0.7442301,-0.1280104,0.156456,0.6942194,0.07253955,-0.2579156,0.02358031,-0.909798
Start_Run,32,0.07502726,-0.290687,0.07121211,0.061527,0.776738,-0.1142684,0.1754683,0.6771956,0.07502726,-0.290687,0.01718612,-0.8944954
Start_Run,33,0.07672478,-0.3264714,0.06901141,0.07145968,0.8126628,-0.1010869,0.1774261,0.6434299,0.07672478,-0.3264714,0.009583758,-0.8771911
Start_Run,34,0.07744382,-0.3654217,0.06830187,0.08266895,0.8511634,-0.08973824,0.1663838,0.5911236,0.07744382,-0.3654217,0.0008795974,-0.8577576
Start_Run,35,0.0769961,-0.4076903,0.06888835,0.09705634,0.892805,-0.08144993,0.1500747,0.5267122,0.0769961,-0.4076903,-0.00575704,-0.8360932
Start_Run,36,0.07541941,-0.4534299,0.07032451,0.1168797,0.9380718,-0.07535317,0.1385892,0.4592875,0.07541941,-0.4534299,-0.005167144,-0.8121141
Start_Run,37,0.07304669,-0.502793,0.07365417,0.1427466,0.9844587,-0.06959128,0.1392252,0.3948972,0.07304669,-0.502793,0.002435398,-0.7857949
Start_Run,38,0.07013237,-0.5559321,0.07740152,0.1769293,1.031099,-0.0606624,0.144877,0.3585096,0.07013237,-0.5559321,0.01288254,-0.7572161
Start_Run,39,0.06693083,-0.6116154,0.08136711,0.2230812,1.077988,-0.04911623,0.1527638,0.3740315,0.06693083,-0.6116154,0.02501356,-0.7264809
Start_Run,40,0.0632166,-0.6693388,0.08559963,0.2743975,1.11532,-0.03958256,0.1600815,0.4298901,0.0632166,-0.6693388,0.03930582,-0.6961923
Start_Run,41,0.05879512,-0.7303459,0.09243995,0.3248799,1.137278,-0.03479171,0.1775442,0.4911138,0.05879512,-0.7303459,0.05161904,-0.6693101
Start_Run,42,0.05396708,-0.795881,0.1013062,0.3716986,1.140694,-0.03176898,0.1945689,0.5530984,0.05396708,-0.795881,0.06109193,-0.6467242
Start_Run,43,0.04903323,-0.867188,0.1154355,0.4162831,1.107968,-0.02722294,0.2094783,0.6246352,0.04903323,-0.867188,0.06015149,-0.6287869
Start_Run,44,0.0444752,-0.9455112,0.1218486,0.444001,1.045693,-0.02300738,0.2175527,0.7075992,0.0444752,-0.9455112,0.0523757,-0.6166452
Start_Run,45,0.04114714,-1.029794,0.1234723,0.4426294,0.9617232,-0.01969775,0.2188469,0.7939494,0.04114714,-1.029794,0.04204506,-0.611225
Start_Run,46,0.03945636,-1.117962,0.1184853,0.4123499,0.8674246,-0.01796642,0.2162918,0.8777886,0.03945636,-1.117962,0.03934803,-0.6140202
Start_Run,47,0.03911734,-1.209738,0.1050727,0.3616001,0.7653763,-0.01756637,0.2263024,0.9634302,0.03911734,-1.209738,0.05264169,-0.6216325
Start_Run,48,0.03995013,-1.304839,0.08600757,0.2972634,0.6551035,-0.01841443,0.2450771,1.046363,0.03995013,-1.304839,0.07082178,-0.6293322
Start_Run,49,0.04156751,-1.402986,0.06646466,0.2326432,0.5424244,-0.02185226,0.2702297,1.120551,0.04156751,-1.402986,0.07939684,-0.6370993
Start_Run,50,0.04339532,-1.503899,0.04746228,0.1829633,0.4439365,-0.02850008,0.3140128,1.181972,0.04339532,-1.503899,0.07209294,-0.6448585
Start_Run,51,0.04497325,-1.607297,0.03560564,0.1532099,0.3873003,-0.03996431,0.3875118,1.224546,0.04497325,-1.607297,0.05395234,-0.652225
Start_Run,52,0.04584096,-1.7129,0.02873756,0.1395874,0.3943894,-0.04639589,0.4775782,1.224686,0.04584096,-1.7129,0.04162639,-0.658265
Start_Run,53,0.04568176,-1.820429,0.02598206,0.1360371,0.473371,-0.04865144,0.5553946,1.17801,0.04568176,-1.820429,0.03722025,-0.6622998
Start_Run,54,0.04635176,-1.929602,0.02580874,0.1415576,0.5850989,-0.05406934,0.5913703,1.093548,0.04635176,-1.929602,0.03379246,-0.6641971
Start_Run,55,0.04741536,-2.04014,0.02371794,0.1503372,0.6950546,-0.06463807,0.5731593,0.9888965,0.04741536,-2.04014,0.0287714,-0.6638747
Start_Run,56,0.04837216,-2.151762,0.02414924,0.157327,0.8006797,-0.07470108,0.5055742,0.8697582,0.04837216,-2.151762,0.02974079,-0.6655285
Start_Run,57,0.04872179,-2.265861,0.02309395,0.1778731,0.9100345,-0.07806362,0.397464,0.7323852,0.04872179,-2.265861,0.03111035,-0.6723672
Start_Run,58,0.04805867,-2.383862,0.02375473,0.2064181,1.019804,-0.07072274,0.2788352,0.5714127,0.04805867,-2.383862,0.02113795,-0.6831401
Start_Run,59,0.04682885,-2.50553,0.02601098,0.2471693,1.117299,-0.05678672,0.1929274,0.4014142,0.04682885,-2.50553,0.008986278,-0.6963599
Stop_Run,0,0.07787166,5.441688,0.003150545,0.1877048,1.001975,-0.01065286,0.1543586,0.1388725,0.07787166,5.441688,0.04945155,-0.8592517
Stop_Run,1,0.078164,5.253575,0.01170823,0.2464993,1.101762,-0.02912011,0.1676212,0.02655736,0.078164,5.253575,0.03009033,-0.8891475
Stop_Run,2,0.07660974,5.075838,0.01912797,0.3513828,1.157732,-0.05406869,0.1385159,0.01229506,0.07660974,5.075838,0.02660088,-0.9121422
Stop_Run,3,0.07630325,4.903364,0.02723584,0.4675117,1.156703,-0.04540083,0.1287152,-0.01079869,0.07630325,4.903364,0.01784899,-0.9292499
Stop_Run,4,0.0759809,4.731037,0.03883838,0.5327162,1.099095,-0.03623516,0.09197539,0.06257645,0.0759809,4.731037,-0.005017301,-0.9415022
Stop_Run,5,0.07425049,4.553739,0.04955224,0.5249987,1.00554,-0.03453784,0.07093662,0.2307154,0.07425049,4.553739,-0.03234415,-0.9500934
Stop_Run,6,0.07304046,4.374234,0.06259293,0.468848,0.8855606,-0.03638871,0.07456991,0.4088264,0.07304046,4.374234,-0.05385491,-0.9563657
Stop_Run,7,0.07450083,4.198286,0.06692801,0.36889,0.7380635,-0.03807792,0.07903129,0.5808824,0.07450083,4.198286,-0.0557815,-0.9615938
Stop_Run,8,0.07645186,4.025283,0.06434878,0.2455506,0.5551599,-0.03827792,0.1022872,0.7287266,0.07645186,4.025283,-0.03364753,-0.9669642
Stop_Run,9,0.07929832,3.854611,0.05970244,0.1408725,0.3394672,-0.03812015,0.1594884,0.8553414,0.07929832,3.854611,-0.01211877,-0.9738223
Stop_Run,10,0.08294275,3.685658,0.0643637,0.09761469,0.1241914,-0.04178936,0.2300078,0.9437578,0.08294275,3.685658,-0.00371864,-0.9835395
Stop_Run,11,0.08596985,3.517809,0.07451084,0.1051399,-0.02578123,-0.04628862,0.3120502,0.982996,0.08596985,3.517809,-0.008588089,-0.9935245
Stop_Run,12,0.08761103,3.350451,0.07715382,0.1133164,-0.07838801,-0.04988388,0.3786324,0.9683716,0.08761103,3.350451,-0.02766749,-1.000565
Stop_Run,13,0.08938719,3.182972,0.06556094,0.08897458,-0.02448101,-0.05830592,0.394657,0.9115219,0.08938719,3.182972,-0.05234687,-1.005107
Stop_Run,14,0.09228604,3.017757,0.05795525,0.08017805,0.1123375,-0.07558214,0.3651353,0.815181,0.09228604,3.017757,-0.05457201,-1.007522
Stop_Run,15,0.09553868,2.857358,0.05407708,0.08679,0.2691263,-0.098939,0.2926481,0.6764433,0.09553868,2.857358,-0.03307417,-1.008227
Stop_Run,16,0.09838153,2.701409,0.05180154,0.09530307,0.4200443,-0.1057601,0.1969959,0.4861756,0.09838153,2.701409,-0.01355476,-1.007561
Stop_Run,17,0.1006758,2.549543,0.05161937,0.1459806,0.544866,-0.09310274,0.1262388,0.267153,0.1006758,2.549543,-0.003300954,-1.005798
Stop_Run,18,0.1026972,2.401395,0.05332289,0.2097303,0.645644,-0.08098246,0.1172306,0.06252579,0.1026972,2.401395,0.0102675,-1.00327
Stop_Run,19,0.104304,2.256598,0.05756122,0.2568589,0.7017457,-0.07545777,0.1417553,-0.06741217,0.104304,2.256598,0.0292291,-1.000351
Stop_Run,20,0.1053542,2.114786,0.06269143,0.2940805,0.6971072,-0.06805354,0.145349,-0.0964507,0.1053542,2.114786,0.06456304,-0.9973571
Stop_Run,21,0.105706,1.975594,0.06759518,0.2971072,0.6416035,-0.05742335,0.1122174,-0.04518734,0.105706,1.975594,0.1099855,-0.994463
Stop_Run,22,0.105947,1.838654,0.07271609,0.2695391,0.5430251,-0.05446303,0.09894819,0.07131529,0.105947,1.838654,0.1327421,-0.9920812
Stop_Run,23,0.1067274,1.705253,0.08034943,0.2195352,0.4039409,-0.05553591,0.1060111,0.2055667,0.1067274,1.705253,0.1358193,-0.990659
Stop_Run,24,0.1079988,1.576736,0.08479906,0.1683481,0.2300155,-0.05613407,0.1181771,0.3300967,0.1079988,1.576736,0.1444934,-0.9896974
Stop_Run,25,0.1097129,1.452826,0.09020267,0.1434142,0.0510643,-0.05606304,0.1489989,0.4460975,0.1097129,1.452826,0.1575087,-0.9884133
Stop_Run,26,0.1118213,1.333246,0.1052103,0.15144,-0.078965,-0.05639512,0.2140253,0.5250502,0.1118213,1.333246,0.1588555,-0.9866855
Stop_Run,27,0.1142758,1.217721,0.1159173,0.1588218,-0.1229882,-0.06999438,0.273775,0.5526634,0.1142758,1.217721,0.1565356,-0.9842865
Stop_Run,28,0.1170279,1.105973,0.1133858,0.1340919,-0.09078307,-0.0913579,0.2922184,0.5303558,0.1170279,1.105973,0.1577504,-0.9810703
Stop_Run,29,0.1200294,0.9977267,0.1098238,0.1199166,-0.009185635,-0.114022,0.2802815,0.4660411,0.1200294,0.9977267,0.1673523,-0.9769983
Stop_Run,30,0.1224123,0.895817,0.1078935,0.1192027,0.08932214,-0.1400981,0.2434423,0.3631313,0.1224123,0.895817,0.1916228,-0.971848
Stop_Run,31,0.1230331,0.8023645,0.1073833,0.1235604,0.1808006,-0.1593216,0.1954862,0.229959,0.1230331,0.8023645,0.2212282,-0.9651085
Stop_Run,32,0.1214306,0.7160175,0.1084362,0.123018,0.2647502,-0.1624955,0.1598475,0.09367963,0.1214306,0.7160175,0.2452506,-0.9567036
Stop_Run,33,0.1178426,0.6354253,0.109929,0.1238122,0.3433186,-0.1579704,0.1486405,-0.01779309,0.1178426,0.6354253,0.2740046,-0.9465446
Stop_Run,34,0.112916,0.5592363,0.1120449,0.1318539,0.412429,-0.1502496,0.1471138,-0.08684955,0.112916,0.5592363,0.3196736,-0.9343638
Stop_Run,35,0.1068032,0.4860992,0.1136459,0.1495191,0.4705572,-0.1360831,0.1412573,-0.1109814,0.1068032,0.4860992,0.3736834,-0.9197979
Stop_Run,36,0.09965666,0.4146625,0.1118391,0.1688162,0.5167899,-0.1165648,0.1207307,-0.09729037,0.09965666,0.4146625,0.4218784,-0.9028692
Stop_Run,37,0.09182092,0.3445869,0.1114979,0.1826691,0.5507374,-0.09928035,0.09960006,-0.0548714,0.09182092,0.3445869,0.4553885,-0.8875543
Stop_Run,38,0.08403047,0.278188,0.1136906,0.1891949,0.5768702,-0.08752712,0.09863442,0.0004314411,0.08403047,0.278188,0.4742297,-0.8771098
Stop_Run,39,0.07702293,0.2180978,0.1179584,0.1893266,0.6003951,-0.0835342,0.1056778,0.04298721,0.07702293,0.2180978,0.4785587,-0.8703516
Stop_Run,40,0.0713804,0.1669485,0.1201388,0.1834566,0.6227422,-0.08249541,0.1034369,0.05606508,0.0713804,0.1669485,0.4792333,-0.8659372
Stop_Run,41,0.06668609,0.1258901,0.1172761,0.1731893,0.6407141,-0.0815746,0.09619895,0.08255543,0.06668609,0.1258901,0.4837684,-0.8624319
Stop_Run,42,0.0629007,0.09260383,0.1149611,0.155886,0.6502546,-0.07727897,0.08360038,0.1140538,0.0629007,0.09260383,0.4891662,-0.8586307
Stop_Run,43,0.06014057,0.0645193,0.1167118,0.1290461,0.6447858,-0.07398678,0.06991667,0.1422934,0.06014057,0.0645193,0.4989524,-0.8533023
Stop_Run,44,0.05787821,0.03997247,0.1193585,0.1016683,0.6344943,-0.07270081,0.05616377,0.1660607,0.05787821,0.03997247,0.5187743,-0.8453416
Stop_Run,45,0.05558616,0.01847295,0.113398,0.08378093,0.6324598,-0.07197086,0.04198687,0.1867408,0.05558616,0.01847295,0.5461149,-0.8335897
Stop_Run,46,0.05319828,-0.0007900223,0.1036109,0.07627248,0.6315034,-0.07103016,0.02844413,0.2052042,0.05319828,-0.0007900223,0.5748771,-0.8169228
Stop_Run,47,0.05107381,-0.01847048,0.0971524,0.07345397,0.6344696,-0.07040645,0.01782168,0.2230098,0.05107381,-0.01847048,0.6027111,-0.7988998
Stop_Run,48,0.04932332,-0.03482678,0.09467889,0.07332198,0.6386225,-0.06962561,0.01050652,0.2391563,0.04932332,-0.03482678,0.6275021,-0.7837068
Stop_Run,49,0.047858,-0.04992659,0.09438896,0.07396865,0.6425729,-0.06882666,0.004975859,0.2539598,0.047858,-0.04992659,0.6465498,-0.7711701
Stop_Run,50,0.04660273,-0.06367523,0.09600265,0.07351679,0.6454579,-0.06788628,0.001119349,0.2674194,0.04660273,-0.06367523,0.65955,-0.7611136
Stop_Run,51,0.04568865,-0.07604663,0.09856169,0.0700589,0.6462047,-0.06704427,-0.001260658,0.2797043,0.04568865,-0.07604663,0.6683306,-0.7533719
Stop_Run,52,0.0452469,-0.08701459,0.1016361,0.0636922,0.6433193,-0.0660778,-0.002399618,0.2907386,0.0452469,-0.08701459,0.673387,-0.7477992
Stop_Run,53,0.0454086,-0.09655303,0.1041788,0.05602614,0.6368176,-0.06505172,-0.002540615,0.3002529,0.0454086,-0.09655303,0.6751781,-0.7442391
Stop_Run,54,0.04613582,-0.1046358,0.1065353,0.04743103,0.6281206,-0.06479097,-0.001917946,0.308496,0.04613582,-0.1046358,0.6741186,-0.7425315
Stop_Run,55,0.04730494,-0.1112369,0.1093068,0.03836605,0.6183311,-0.06553091,-0.000735725,0.3154142,0.04730494,-0.1112369,0.6705849,-0.7425122
Stop_Run,56,0.0489186,-0.1163302,0.1119835,0.02956472,0.6100623,-0.06671924,0.0007644683,0.3208273,0.0489186,-0.1163302,0.6649563,-0.7440171
Stop_Run,57,0.05097947,-0.11982,0.1116238,0.02183746,0.607617,-0.06827608,0.002353573,0.3246032,0.05097947,-0.11982,0.6575992,-0.746878
Stop_Run,58,0.05349018,-0.1217839,0.1082035,0.01555109,0.6087399,-0.07028412,0.003840644,0.3264343,0.05349018,-0.1217839,0.648867,-0.7509237
Stop_Run,59,0.05645338,-0.1224556,0.1045826,0.01117329,0.6089222,-0.0731483,0.004820548,0.3269052,0.05645338,-0.1224556,0.6392114,-0.7560408
Stop_Run,60,0.05987173,-0.1220683,0.1006055,0.008167997,0.6084183,-0.07664436,0.004681267,0.3264405,0.05987173,-0.1220683,0.6291427,-0.7622054
Stop_Run,61,0.06374785,-0.1208558,0.09654565,0.005512647,0.6073025,-0.08030204,0.003860848,0.3253812,0.06374785,-0.1208558,0.6189666,-0.7693813
Stop_Run,62,0.06788666,-0.1190514,0.09262285,0.003270146,0.6056035,-0.08411351,0.003096185,0.3238636,0.06788666,-0.1190514,0.6085896,-0.7774801
Stop_Run,63,0.07206307,-0.1168887,0.08866017,0.001510722,0.6033716,-0.08818106,0.002283731,0.321825,0.07206307,-0.1168887,0.5979074,-0.7863809
Stop_Run,64,0.0762348,-0.114426,0.0848344,0.0003006514,0.600848,-0.09223547,0.00138037,0.3192572,0.0762348,-0.114426,0.5868003,-0.7959603
Stop_Run,65,0.08035953,-0.1116328,0.08115276,-0.0004348074,0.59825,-0.09631188,0.0004946207,0.3164687,0.08035953,-0.1116328,0.5751286,-0.80606
Stop_Run,66,0.08439498,-0.1086093,0.0774898,-0.0007887181,0.5956025,-0.1004726,-0.0002741675,0.3136241,0.08439498,-0.1086093,0.5627586,-0.8165265
Stop_Run,67,0.08829885,-0.1054558,0.07381226,-0.0008962317,0.592649,-0.1046902,-0.0008125341,0.3106086,0.08829885,-0.1054558,0.5495545,-0.827211
Stop_Run,68,0.09202886,-0.1022727,0.07015061,-0.0008649316,0.5895069,-0.1086616,-0.001045209,0.3073377,0.09202886,-0.1022727,0.5353847,-0.837983
Stop_Run,69,0.09554271,-0.09916028,0.06665891,-0.0007240722,0.586272,-0.1122394,-0.001055978,0.3039807,0.09554271,-0.09916028,0.5198237,-0.8487455
Stop_Run,70,0.09879813,-0.09621881,0.06339991,-0.0004429007,0.5830555,-0.1155753,-0.0009883456,0.3008071,0.09879813,-0.09621881,0.5028656,-0.8593946
Stop_Run,71,0.1017528,-0.09354861,0.06044434,5.883785E-05,0.580696,-0.1185366,-0.0009543293,0.2983822,0.1017528,-0.09354861,0.4850208,-0.8698044
Stop_Run,72,0.1043645,-0.09124999,0.05782667,0.0006451957,0.5788977,-0.1211197,-0.0009478934,0.2963271,0.1043645,-0.09124999,0.4667914,-0.8798352
Stop_Run,73,0.1065908,-0.08930822,0.0557602,0.001165285,0.5772061,-0.1232926,-0.0009677658,0.2944524,0.1065908,-0.08930822,0.4486912,-0.8893491
Stop_Run,74,0.1085015,-0.0876441,0.0540641,0.001492829,0.5757525,-0.1251901,-0.001001835,0.2928101,0.1085015,-0.0876441,0.4312482,-0.8982047
Stop_Run,75,0.1102018,-0.08626133,0.05249729,0.00165575,0.5745149,-0.1270227,-0.001004935,0.291382,0.1102018,-0.08626133,0.414999,-0.9062587
Stop_Run,76,0.1117024,-0.08516365,0.05111782,0.001763118,0.5731989,-0.1287861,-0.0009589663,0.2901163,0.1117024,-0.08516365,0.400488,-0.9133699
Stop_Run,77,0.1130142,-0.08435477,0.05014843,0.001911172,0.5722345,-0.1301052,-0.0009569171,0.2892585,0.1130142,-0.08435477,0.3882672,-0.9194012
Stop_Run,78,0.114148,-0.0838384,0.04906105,0.002130845,0.5718827,-0.1313688,-0.0009712992,0.2888959,0.114148,-0.0838384,0.3788872,-0.9242077
Stop_Run,79,0.1151145,-0.08361825,0.048001,0.002423697,0.5720536,-0.1324819,-0.001010907,0.2888891,0.1151145,-0.08361825,0.3723219,-0.9276506
Stop_Run,80,0.1159245,-0.08369805,0.04719426,0.002756425,0.5723892,-0.1334426,-0.001063354,0.2891721,0.1159245,-0.08369805,0.3679938,-0.9295928
Stop_Run,81,0.1165889,-0.08408152,0.04661583,0.003123811,0.5730605,-0.1341509,-0.001124504,0.2899427,0.1165889,-0.08408152,0.3656732,-0.9304497
Stop_Run,82,0.1171184,-0.08477236,0.04610785,0.003478211,0.5741,-0.1345884,-0.001146704,0.291013,0.1171184,-0.08477236,0.365136,-0.9307672
Stop_Run,83,0.1175239,-0.08577429,0.04560214,0.003775577,0.5752535,-0.1349019,-0.001093038,0.2921406,0.1175239,-0.08577429,0.3661091,-0.9306056
Stop_Run,84,0.1178161,-0.08704436,0.0451619,0.004019682,0.5765096,-0.1351099,-0.0009742853,0.2933231,0.1178161,-0.08704436,0.3683198,-0.9300268
Stop_Run,85,0.1180058,-0.0885127,0.04484691,0.004216201,0.5778736,-0.1352352,-0.0008028534,0.2945737,0.1180058,-0.0885127,0.3714947,-0.9290927
Stop_Run,86,0.1181039,-0.09014264,0.04471774,0.004401976,0.5795214,-0.1353002,-0.0006096538,0.2960745,0.1181039,-0.09014264,0.375361,-0.9278658
Stop_Run,87,0.1181211,-0.09189753,0.04476803,0.004563195,0.5813002,-0.1352779,-0.000400856,0.2977241,0.1181211,-0.09189753,0.3796451,-0.9264085
Stop_Run,88,0.1180681,-0.09374069,0.04491875,0.004687306,0.5830589,-0.1351783,-0.0001791537,0.2994399,0.1180681,-0.09374069,0.3840738,-0.9247826
Stop_Run,89,0.117956,-0.09563544,0.04516379,0.004786748,0.5848191,-0.135017,4.16229E-05,0.3012335,0.117956,-0.09563544,0.3883751,-0.9230499
